[
    {
        "name": "clue/stream-filter",
        "version": "v1.4.1",
        "version_normalized": "1.4.1.0",
        "source": {
            "type": "git",
            "url": "https://github.com/clue/php-stream-filter.git",
            "reference": "5a58cc30a8bd6a4eb8f856adf61dd3e013f53f71"
        },
        "dist": {
            "type": "zip",
            "url": "https://api.github.com/repos/clue/php-stream-filter/zipball/5a58cc30a8bd6a4eb8f856adf61dd3e013f53f71",
            "reference": "5a58cc30a8bd6a4eb8f856adf61dd3e013f53f71",
            "shasum": ""
        },
        "require": {
            "php": ">=5.3"
        },
        "require-dev": {
            "phpunit/phpunit": "^5.0 || ^4.8"
        },
        "time": "2019-04-09T12:31:48+00:00",
        "type": "library",
        "installation-source": "dist",
        "autoload": {
            "psr-4": {
                "Clue\\StreamFilter\\": "src/"
            },
            "files": [
                "src/functions_include.php"
            ]
        },
        "notification-url": "https://packagist.org/downloads/",
        "license": [
            "MIT"
        ],
        "authors": [
            {
                "name": "Christian Lück",
                "email": "christian@lueck.tv"
            }
        ],
        "description": "A simple and modern approach to stream filtering in PHP",
        "homepage": "https://github.com/clue/php-stream-filter",
        "keywords": [
            "bucket brigade",
            "callback",
            "filter",
            "php_user_filter",
            "stream",
            "stream_filter_append",
            "stream_filter_register"
        ]
    },
    {
        "name": "guzzlehttp/guzzle",
        "version": "6.5.5",
        "version_normalized": "6.5.5.0",
        "source": {
            "type": "git",
            "url": "https://github.com/guzzle/guzzle.git",
            "reference": "9d4290de1cfd701f38099ef7e183b64b4b7b0c5e"
        },
        "dist": {
            "type": "zip",
            "url": "https://api.github.com/repos/guzzle/guzzle/zipball/9d4290de1cfd701f38099ef7e183b64b4b7b0c5e",
            "reference": "9d4290de1cfd701f38099ef7e183b64b4b7b0c5e",
            "shasum": ""
        },
        "require": {
            "ext-json": "*",
            "guzzlehttp/promises": "^1.0",
            "guzzlehttp/psr7": "^1.6.1",
            "php": ">=5.5",
            "symfony/polyfill-intl-idn": "^1.17.0"
        },
        "require-dev": {
            "ext-curl": "*",
            "phpunit/phpunit": "^4.8.35 || ^5.7 || ^6.4 || ^7.0",
            "psr/log": "^1.1"
        },
        "suggest": {
            "psr/log": "Required for using the Log middleware"
        },
        "time": "2020-06-16T21:01:06+00:00",
        "type": "library",
        "extra": {
            "branch-alias": {
                "dev-master": "6.5-dev"
            }
        },
        "installation-source": "dist",
        "autoload": {
            "psr-4": {
                "GuzzleHttp\\": "src/"
            },
            "files": [
                "src/functions_include.php"
            ]
        },
        "notification-url": "https://packagist.org/downloads/",
        "license": [
            "MIT"
        ],
        "authors": [
            {
                "name": "Michael Dowling",
                "email": "mtdowling@gmail.com",
                "homepage": "https://github.com/mtdowling"
            }
        ],
        "description": "Guzzle is a PHP HTTP client library",
        "homepage": "http://guzzlephp.org/",
        "keywords": [
            "client",
            "curl",
            "framework",
            "http",
            "http client",
            "rest",
            "web service"
        ]
    },
    {
        "name": "guzzlehttp/promises",
        "version": "v1.3.1",
        "version_normalized": "1.3.1.0",
        "source": {
            "type": "git",
            "url": "https://github.com/guzzle/promises.git",
            "reference": "a59da6cf61d80060647ff4d3eb2c03a2bc694646"
        },
        "dist": {
            "type": "zip",
            "url": "https://api.github.com/repos/guzzle/promises/zipball/a59da6cf61d80060647ff4d3eb2c03a2bc694646",
            "reference": "a59da6cf61d80060647ff4d3eb2c03a2bc694646",
            "shasum": ""
        },
        "require": {
            "php": ">=5.5.0"
        },
        "require-dev": {
            "phpunit/phpunit": "^4.0"
        },
        "time": "2016-12-20T10:07:11+00:00",
        "type": "library",
        "extra": {
            "branch-alias": {
                "dev-master": "1.4-dev"
            }
        },
        "installation-source": "dist",
        "autoload": {
            "psr-4": {
                "GuzzleHttp\\Promise\\": "src/"
            },
            "files": [
                "src/functions_include.php"
            ]
        },
        "notification-url": "https://packagist.org/downloads/",
        "license": [
            "MIT"
        ],
        "authors": [
            {
                "name": "Michael Dowling",
                "email": "mtdowling@gmail.com",
                "homepage": "https://github.com/mtdowling"
            }
        ],
        "description": "Guzzle promises library",
        "keywords": [
            "promise"
        ]
    },
    {
        "name": "guzzlehttp/psr7",
        "version": "1.6.1",
        "version_normalized": "1.6.1.0",
        "source": {
            "type": "git",
            "url": "https://github.com/guzzle/psr7.git",
            "reference": "239400de7a173fe9901b9ac7c06497751f00727a"
        },
        "dist": {
            "type": "zip",
            "url": "https://api.github.com/repos/guzzle/psr7/zipball/239400de7a173fe9901b9ac7c06497751f00727a",
            "reference": "239400de7a173fe9901b9ac7c06497751f00727a",
            "shasum": ""
        },
        "require": {
            "php": ">=5.4.0",
            "psr/http-message": "~1.0",
            "ralouphie/getallheaders": "^2.0.5 || ^3.0.0"
        },
        "provide": {
            "psr/http-message-implementation": "1.0"
        },
        "require-dev": {
            "ext-zlib": "*",
            "phpunit/phpunit": "~4.8.36 || ^5.7.27 || ^6.5.8"
        },
        "suggest": {
            "zendframework/zend-httphandlerrunner": "Emit PSR-7 responses"
        },
        "time": "2019-07-01T23:21:34+00:00",
        "type": "library",
        "extra": {
            "branch-alias": {
                "dev-master": "1.6-dev"
            }
        },
        "installation-source": "dist",
        "autoload": {
            "psr-4": {
                "GuzzleHttp\\Psr7\\": "src/"
            },
            "files": [
                "src/functions_include.php"
            ]
        },
        "notification-url": "https://packagist.org/downloads/",
        "license": [
            "MIT"
        ],
        "authors": [
            {
                "name": "Michael Dowling",
                "email": "mtdowling@gmail.com",
                "homepage": "https://github.com/mtdowling"
            },
            {
                "name": "Tobias Schultze",
                "homepage": "https://github.com/Tobion"
            }
        ],
        "description": "PSR-7 message implementation that also provides common utility methods",
        "keywords": [
            "http",
            "message",
            "psr-7",
            "request",
            "response",
            "stream",
            "uri",
            "url"
        ]
    },
    {
        "name": "league/omnipay",
        "version": "v3.0.0",
        "version_normalized": "3.0.0.0",
        "source": {
            "type": "git",
            "url": "https://github.com/thephpleague/omnipay.git",
            "reference": "413793c87a29edab98443f71a707982f4311822c"
        },
        "dist": {
            "type": "zip",
            "url": "https://api.github.com/repos/thephpleague/omnipay/zipball/413793c87a29edab98443f71a707982f4311822c",
            "reference": "413793c87a29edab98443f71a707982f4311822c",
            "shasum": ""
        },
        "require": {
            "omnipay/common": "^3",
            "php": "^7.1",
            "php-http/guzzle6-adapter": "^1.1"
        },
        "require-dev": {
            "omnipay/tests": "^3"
        },
        "time": "2018-05-14T19:37:03+00:00",
        "type": "metapackage",
        "extra": {
            "branch-alias": {
                "dev-master": "3.0.x-dev"
            }
        },
        "notification-url": "https://packagist.org/downloads/",
        "license": [
            "MIT"
        ],
        "authors": [
            {
                "name": "Adrian Macneil",
                "email": "adrian@adrianmacneil.com"
            },
            {
                "name": "Barry vd. Heuvel",
                "email": "barryvdh@gmail.com"
            }
        ],
        "description": "Includes Omnipay payment processing library and all officially supported gateways",
        "homepage": "https://omnipay.thephpleague.com/",
        "keywords": [
            "2checkout",
            "2co",
            "auth.net",
            "authorize",
            "authorize.net",
            "buckaroo",
            "cardsave",
            "checkoutcom",
            "coinbase",
            "commweb",
            "cybersource",
            "dps",
            "egate",
            "eway",
            "express",
            "first data",
            "firstdata",
            "gateway",
            "gocardless",
            "ideal",
            "merchant",
            "migs",
            "mollie",
            "multisafepay",
            "netaxept",
            "netbanx",
            "pagarme",
            "pay",
            "payfast",
            "payflow",
            "payment",
            "paymentexpress",
            "payone",
            "paypal",
            "payu",
            "pin",
            "purchase",
            "rapid",
            "sagepay",
            "securepay",
            "stripe",
            "tala",
            "tala-payments",
            "targetpay",
            "tpay",
            "twocheckout",
            "worldpay"
        ]
    },
    {
        "name": "moneyphp/money",
        "version": "v3.3.1",
        "version_normalized": "3.3.1.0",
        "source": {
            "type": "git",
            "url": "https://github.com/moneyphp/money.git",
            "reference": "122664c2621a95180a13c1ac81fea1d2ef20781e"
        },
        "dist": {
            "type": "zip",
            "url": "https://api.github.com/repos/moneyphp/money/zipball/122664c2621a95180a13c1ac81fea1d2ef20781e",
            "reference": "122664c2621a95180a13c1ac81fea1d2ef20781e",
            "shasum": ""
        },
        "require": {
            "ext-json": "*",
            "php": ">=5.6"
        },
        "require-dev": {
            "cache/taggable-cache": "^0.4.0",
            "doctrine/instantiator": "^1.0.5",
            "ext-bcmath": "*",
            "ext-gmp": "*",
            "ext-intl": "*",
            "florianv/exchanger": "^1.0",
            "florianv/swap": "^3.0",
            "friends-of-phpspec/phpspec-code-coverage": "^3.1.1 || ^4.3",
            "moneyphp/iso-currencies": "^3.2.1",
            "php-http/message": "^1.4",
            "php-http/mock-client": "^1.0.0",
            "phpspec/phpspec": "^3.4.3",
            "phpunit/phpunit": "^5.7.27 || ^6.5.14 || ^7.5.18 || ^8.5",
            "psr/cache": "^1.0",
            "symfony/phpunit-bridge": "^4"
        },
        "suggest": {
            "ext-bcmath": "Calculate without integer limits",
            "ext-gmp": "Calculate without integer limits",
            "ext-intl": "Format Money objects with intl",
            "florianv/exchanger": "Exchange rates library for PHP",
            "florianv/swap": "Exchange rates library for PHP",
            "psr/cache-implementation": "Used for Currency caching"
        },
        "time": "2020-03-18T17:49:59+00:00",
        "type": "library",
        "extra": {
            "branch-alias": {
                "dev-master": "3.x-dev"
            }
        },
        "installation-source": "dist",
        "autoload": {
            "psr-4": {
                "Money\\": "src/"
            }
        },
        "notification-url": "https://packagist.org/downloads/",
        "license": [
            "MIT"
        ],
        "authors": [
            {
                "name": "Mathias Verraes",
                "email": "mathias@verraes.net",
                "homepage": "http://verraes.net"
            },
            {
                "name": "Márk Sági-Kazár",
                "email": "mark.sagikazar@gmail.com"
            },
            {
                "name": "Frederik Bosch",
                "email": "f.bosch@genkgo.nl"
            }
        ],
        "description": "PHP implementation of Fowler's Money pattern",
        "homepage": "http://moneyphp.org",
        "keywords": [
            "Value Object",
            "money",
            "vo"
        ]
    },
    {
        "name": "omnipay/common",
        "version": "v3.0.4",
        "version_normalized": "3.0.4.0",
        "source": {
            "type": "git",
            "url": "https://github.com/thephpleague/omnipay-common.git",
            "reference": "d6a1bed63cae270da32b2171fe31f820d334d452"
        },
        "dist": {
            "type": "zip",
            "url": "https://api.github.com/repos/thephpleague/omnipay-common/zipball/d6a1bed63cae270da32b2171fe31f820d334d452",
            "reference": "d6a1bed63cae270da32b2171fe31f820d334d452",
            "shasum": ""
        },
        "require": {
            "moneyphp/money": "^3.1",
            "php": "^5.6|^7",
            "php-http/client-implementation": "^1",
            "php-http/discovery": "^1.2.1",
            "php-http/message": "^1.5",
            "symfony/http-foundation": "^2.1|^3|^4|^5"
        },
        "require-dev": {
            "omnipay/tests": "^3",
            "php-http/mock-client": "^1",
            "phpro/grumphp": "^0.14",
            "squizlabs/php_codesniffer": "^3.5"
        },
        "suggest": {
            "league/omnipay": "The default Omnipay package provides a default HTTP Adapter."
        },
        "time": "2020-06-02T05:57:19+00:00",
        "type": "library",
        "extra": {
            "branch-alias": {
                "dev-master": "3.0.x-dev"
            }
        },
        "installation-source": "dist",
        "autoload": {
            "psr-4": {
                "Omnipay\\Common\\": "src/Common"
            },
            "classmap": [
                "src/Omnipay.php"
            ]
        },
        "notification-url": "https://packagist.org/downloads/",
        "license": [
            "MIT"
        ],
        "authors": [
            {
                "name": "Adrian Macneil",
                "email": "adrian@adrianmacneil.com"
            },
            {
                "name": "Barry vd. Heuvel",
                "email": "barryvdh@gmail.com"
            },
            {
                "name": "Jason Judge",
                "email": "jason.judge@consil.co.uk"
            },
            {
                "name": "Del"
            },
            {
                "name": "Omnipay Contributors",
                "homepage": "https://github.com/thephpleague/omnipay-common/contributors"
            }
        ],
        "description": "Common components for Omnipay payment processing library",
        "homepage": "https://github.com/thephpleague/omnipay-common",
        "keywords": [
            "gateway",
            "merchant",
            "omnipay",
            "pay",
            "payment",
            "purchase"
        ]
    },
    {
        "name": "omnipay/paypal",
        "version": "v3.0.2",
        "version_normalized": "3.0.2.0",
        "source": {
            "type": "git",
            "url": "https://github.com/thephpleague/omnipay-paypal.git",
            "reference": "519db61b32ff0c1e56cbec94762b970ee9674f65"
        },
        "dist": {
            "type": "zip",
            "url": "https://api.github.com/repos/thephpleague/omnipay-paypal/zipball/519db61b32ff0c1e56cbec94762b970ee9674f65",
            "reference": "519db61b32ff0c1e56cbec94762b970ee9674f65",
            "shasum": ""
        },
        "require": {
            "omnipay/common": "^3"
        },
        "require-dev": {
            "omnipay/tests": "^3",
            "phpro/grumphp": "^0.14",
            "squizlabs/php_codesniffer": "^3"
        },
        "time": "2018-05-15T10:35:58+00:00",
        "type": "library",
        "extra": {
            "branch-alias": {
                "dev-master": "3.0.x-dev"
            }
        },
        "installation-source": "dist",
        "autoload": {
            "psr-4": {
                "Omnipay\\PayPal\\": "src/"
            }
        },
        "notification-url": "https://packagist.org/downloads/",
        "license": [
            "MIT"
        ],
        "authors": [
            {
                "name": "Adrian Macneil",
                "email": "adrian@adrianmacneil.com"
            },
            {
                "name": "Omnipay Contributors",
                "homepage": "https://github.com/thephpleague/omnipay-paypal/contributors"
            }
        ],
        "description": "PayPal gateway for Omnipay payment processing library",
        "homepage": "https://github.com/thephpleague/omnipay-paypal",
        "keywords": [
            "gateway",
            "merchant",
            "omnipay",
            "pay",
            "payment",
            "paypal",
            "purchase"
        ]
    },
    {
        "name": "omnipay/stripe",
        "version": "v3.1.0",
        "version_normalized": "3.1.0.0",
        "source": {
            "type": "git",
            "url": "https://github.com/thephpleague/omnipay-stripe.git",
            "reference": "37df2a791e8feab45543125f4c5f22d5d305096d"
        },
        "dist": {
            "type": "zip",
            "url": "https://api.github.com/repos/thephpleague/omnipay-stripe/zipball/37df2a791e8feab45543125f4c5f22d5d305096d",
            "reference": "37df2a791e8feab45543125f4c5f22d5d305096d",
            "shasum": ""
        },
        "require": {
            "omnipay/common": "^3"
        },
        "require-dev": {
            "omnipay/tests": "^3",
            "phpro/grumphp": "^0.14",
            "squizlabs/php_codesniffer": "^3"
        },
        "time": "2019-08-31T10:55:06+00:00",
        "type": "library",
        "extra": {
            "branch-alias": {
                "dev-master": "3.1.x-dev"
            }
        },
        "installation-source": "dist",
        "autoload": {
            "psr-4": {
                "Omnipay\\Stripe\\": "src/"
            }
        },
        "notification-url": "https://packagist.org/downloads/",
        "license": [
            "MIT"
        ],
        "authors": [
            {
                "name": "Adrian Macneil",
                "email": "adrian@adrianmacneil.com"
            },
            {
                "name": "Omnipay Contributors",
                "homepage": "https://github.com/thephpleague/omnipay-stripe/contributors"
            }
        ],
        "description": "Stripe driver for the Omnipay payment processing library",
        "homepage": "https://github.com/thephpleague/omnipay-stripe",
        "keywords": [
            "gateway",
            "merchant",
            "omnipay",
            "pay",
            "payment",
            "stripe"
        ]
    },
    {
        "name": "paragonie/random_compat",
        "version": "v9.99.99",
        "version_normalized": "9.99.99.0",
        "source": {
            "type": "git",
            "url": "https://github.com/paragonie/random_compat.git",
            "reference": "84b4dfb120c6f9b4ff7b3685f9b8f1aa365a0c95"
        },
        "dist": {
            "type": "zip",
            "url": "https://api.github.com/repos/paragonie/random_compat/zipball/84b4dfb120c6f9b4ff7b3685f9b8f1aa365a0c95",
            "reference": "84b4dfb120c6f9b4ff7b3685f9b8f1aa365a0c95",
            "shasum": ""
        },
        "require": {
            "php": "^7"
        },
        "require-dev": {
            "phpunit/phpunit": "4.*|5.*",
            "vimeo/psalm": "^1"
        },
        "suggest": {
            "ext-libsodium": "Provides a modern crypto API that can be used to generate random bytes."
        },
        "time": "2018-07-02T15:55:56+00:00",
        "type": "library",
        "installation-source": "dist",
        "notification-url": "https://packagist.org/downloads/",
        "license": [
            "MIT"
        ],
        "authors": [
            {
                "name": "Paragon Initiative Enterprises",
                "email": "security@paragonie.com",
                "homepage": "https://paragonie.com"
            }
        ],
        "description": "PHP 5.x polyfill for random_bytes() and random_int() from PHP 7",
        "keywords": [
            "csprng",
            "polyfill",
            "pseudorandom",
            "random"
        ]
    },
    {
        "name": "php-http/discovery",
        "version": "1.10.0",
        "version_normalized": "1.10.0.0",
        "source": {
            "type": "git",
            "url": "https://github.com/php-http/discovery.git",
            "reference": "88ff14cad4a0db68b343260fa7ac3f1599703660"
        },
        "dist": {
            "type": "zip",
            "url": "https://api.github.com/repos/php-http/discovery/zipball/88ff14cad4a0db68b343260fa7ac3f1599703660",
            "reference": "88ff14cad4a0db68b343260fa7ac3f1599703660",
            "shasum": ""
        },
        "require": {
            "php": "^7.1 || ^8.0"
        },
        "conflict": {
            "nyholm/psr7": "<1.0"
        },
        "require-dev": {
            "graham-campbell/phpspec-skip-example-extension": "^5.0",
            "php-http/httplug": "^1.0 || ^2.0",
            "php-http/message-factory": "^1.0",
            "phpspec/phpspec": "^5.1 || ^6.1",
            "puli/composer-plugin": "1.0.0-beta10"
        },
        "suggest": {
            "php-http/message": "Allow to use Guzzle, Diactoros or Slim Framework factories",
            "puli/composer-plugin": "Sets up Puli which is recommended for Discovery to work. Check http://docs.php-http.org/en/latest/discovery.html for more details."
        },
        "time": "2020-09-04T08:41:23+00:00",
        "type": "library",
        "extra": {
            "branch-alias": {
                "dev-master": "1.9-dev"
            }
        },
        "installation-source": "dist",
        "autoload": {
            "psr-4": {
                "Http\\Discovery\\": "src/"
            }
        },
        "notification-url": "https://packagist.org/downloads/",
        "license": [
            "MIT"
        ],
        "authors": [
            {
                "name": "Márk Sági-Kazár",
                "email": "mark.sagikazar@gmail.com"
            }
        ],
        "description": "Finds installed HTTPlug implementations and PSR-7 message factories",
        "homepage": "http://php-http.org",
        "keywords": [
            "adapter",
            "client",
            "discovery",
            "factory",
            "http",
            "message",
            "psr7"
        ]
    },
    {
        "name": "php-http/guzzle6-adapter",
        "version": "v1.1.1",
        "version_normalized": "1.1.1.0",
        "source": {
            "type": "git",
            "url": "https://github.com/php-http/guzzle6-adapter.git",
            "reference": "a56941f9dc6110409cfcddc91546ee97039277ab"
        },
        "dist": {
            "type": "zip",
            "url": "https://api.github.com/repos/php-http/guzzle6-adapter/zipball/a56941f9dc6110409cfcddc91546ee97039277ab",
            "reference": "a56941f9dc6110409cfcddc91546ee97039277ab",
            "shasum": ""
        },
        "require": {
            "guzzlehttp/guzzle": "^6.0",
            "php": ">=5.5.0",
            "php-http/httplug": "^1.0"
        },
        "provide": {
            "php-http/async-client-implementation": "1.0",
            "php-http/client-implementation": "1.0"
        },
        "require-dev": {
            "ext-curl": "*",
            "php-http/adapter-integration-tests": "^0.4"
        },
        "time": "2016-05-10T06:13:32+00:00",
        "type": "library",
        "extra": {
            "branch-alias": {
                "dev-master": "1.2-dev"
            }
        },
        "installation-source": "dist",
        "autoload": {
            "psr-4": {
                "Http\\Adapter\\Guzzle6\\": "src/"
            }
        },
        "notification-url": "https://packagist.org/downloads/",
        "license": [
            "MIT"
        ],
        "authors": [
            {
                "name": "Márk Sági-Kazár",
                "email": "mark.sagikazar@gmail.com"
            },
            {
                "name": "David de Boer",
                "email": "david@ddeboer.nl"
            }
        ],
        "description": "Guzzle 6 HTTP Adapter",
        "homepage": "http://httplug.io",
        "keywords": [
            "Guzzle",
            "http"
        ]
    },
    {
        "name": "php-http/httplug",
        "version": "v1.1.0",
        "version_normalized": "1.1.0.0",
        "source": {
            "type": "git",
            "url": "https://github.com/php-http/httplug.git",
            "reference": "1c6381726c18579c4ca2ef1ec1498fdae8bdf018"
        },
        "dist": {
            "type": "zip",
            "url": "https://api.github.com/repos/php-http/httplug/zipball/1c6381726c18579c4ca2ef1ec1498fdae8bdf018",
            "reference": "1c6381726c18579c4ca2ef1ec1498fdae8bdf018",
            "shasum": ""
        },
        "require": {
            "php": ">=5.4",
            "php-http/promise": "^1.0",
            "psr/http-message": "^1.0"
        },
        "require-dev": {
            "henrikbjorn/phpspec-code-coverage": "^1.0",
            "phpspec/phpspec": "^2.4"
        },
        "time": "2016-08-31T08:30:17+00:00",
        "type": "library",
        "extra": {
            "branch-alias": {
                "dev-master": "1.1-dev"
            }
        },
        "installation-source": "dist",
        "autoload": {
            "psr-4": {
                "Http\\Client\\": "src/"
            }
        },
        "notification-url": "https://packagist.org/downloads/",
        "license": [
            "MIT"
        ],
        "authors": [
            {
                "name": "Eric GELOEN",
                "email": "geloen.eric@gmail.com"
            },
            {
                "name": "Márk Sági-Kazár",
                "email": "mark.sagikazar@gmail.com"
            }
        ],
        "description": "HTTPlug, the HTTP client abstraction for PHP",
        "homepage": "http://httplug.io",
        "keywords": [
            "client",
            "http"
        ]
    },
    {
        "name": "php-http/message",
        "version": "1.9.0",
        "version_normalized": "1.9.0.0",
        "source": {
            "type": "git",
            "url": "https://github.com/php-http/message.git",
            "reference": "2c7256e3c1aba0bfca70f099810f1c7712e00945"
        },
        "dist": {
            "type": "zip",
            "url": "https://api.github.com/repos/php-http/message/zipball/2c7256e3c1aba0bfca70f099810f1c7712e00945",
            "reference": "2c7256e3c1aba0bfca70f099810f1c7712e00945",
            "shasum": ""
        },
        "require": {
            "clue/stream-filter": "^1.4.1",
            "php": "^7.1",
            "php-http/message-factory": "^1.0.2",
            "psr/http-message": "^1.0"
        },
        "provide": {
            "php-http/message-factory-implementation": "1.0"
        },
        "require-dev": {
            "akeneo/phpspec-skip-example-extension": "^1.0",
            "coduo/phpspec-data-provider-extension": "^1.0",
            "ergebnis/composer-normalize": "^2.1",
            "ext-zlib": "*",
            "guzzlehttp/psr7": "^1.0",
            "henrikbjorn/phpspec-code-coverage": "^1.0",
            "phpspec/phpspec": "^2.4",
            "slim/slim": "^3.0",
            "zendframework/zend-diactoros": "^1.0"
        },
        "suggest": {
            "ext-zlib": "Used with compressor/decompressor streams",
            "guzzlehttp/psr7": "Used with Guzzle PSR-7 Factories",
            "slim/slim": "Used with Slim Framework PSR-7 implementation",
            "zendframework/zend-diactoros": "Used with Diactoros Factories"
        },
        "time": "2020-08-17T06:33:14+00:00",
        "type": "library",
        "extra": {
            "branch-alias": {
                "dev-master": "1.8-dev"
            }
        },
        "installation-source": "dist",
        "autoload": {
            "psr-4": {
                "Http\\Message\\": "src/"
            },
            "files": [
                "src/filters.php"
            ]
        },
        "notification-url": "https://packagist.org/downloads/",
        "license": [
            "MIT"
        ],
        "authors": [
            {
                "name": "Márk Sági-Kazár",
                "email": "mark.sagikazar@gmail.com"
            }
        ],
        "description": "HTTP Message related tools",
        "homepage": "http://php-http.org",
        "keywords": [
            "http",
            "message",
            "psr-7"
        ]
    },
    {
        "name": "php-http/message-factory",
        "version": "v1.0.2",
        "version_normalized": "1.0.2.0",
        "source": {
            "type": "git",
            "url": "https://github.com/php-http/message-factory.git",
            "reference": "a478cb11f66a6ac48d8954216cfed9aa06a501a1"
        },
        "dist": {
            "type": "zip",
            "url": "https://api.github.com/repos/php-http/message-factory/zipball/a478cb11f66a6ac48d8954216cfed9aa06a501a1",
            "reference": "a478cb11f66a6ac48d8954216cfed9aa06a501a1",
            "shasum": ""
        },
        "require": {
            "php": ">=5.4",
            "psr/http-message": "^1.0"
        },
        "time": "2015-12-19T14:08:53+00:00",
        "type": "library",
        "extra": {
            "branch-alias": {
                "dev-master": "1.0-dev"
            }
        },
        "installation-source": "dist",
        "autoload": {
            "psr-4": {
                "Http\\Message\\": "src/"
            }
        },
        "notification-url": "https://packagist.org/downloads/",
        "license": [
            "MIT"
        ],
        "authors": [
            {
                "name": "Márk Sági-Kazár",
                "email": "mark.sagikazar@gmail.com"
            }
        ],
        "description": "Factory interfaces for PSR-7 HTTP Message",
        "homepage": "http://php-http.org",
        "keywords": [
            "factory",
            "http",
            "message",
            "stream",
            "uri"
        ]
    },
    {
        "name": "php-http/promise",
        "version": "1.1.0",
        "version_normalized": "1.1.0.0",
        "source": {
            "type": "git",
            "url": "https://github.com/php-http/promise.git",
            "reference": "4c4c1f9b7289a2ec57cde7f1e9762a5789506f88"
        },
        "dist": {
            "type": "zip",
            "url": "https://api.github.com/repos/php-http/promise/zipball/4c4c1f9b7289a2ec57cde7f1e9762a5789506f88",
            "reference": "4c4c1f9b7289a2ec57cde7f1e9762a5789506f88",
            "shasum": ""
        },
        "require": {
            "php": "^7.1 || ^8.0"
        },
        "require-dev": {
            "friends-of-phpspec/phpspec-code-coverage": "^4.3.2",
            "phpspec/phpspec": "^5.1.2 || ^6.2"
        },
        "time": "2020-07-07T09:29:14+00:00",
        "type": "library",
        "extra": {
            "branch-alias": {
                "dev-master": "1.1-dev"
            }
        },
        "installation-source": "dist",
        "autoload": {
            "psr-4": {
                "Http\\Promise\\": "src/"
            }
        },
        "notification-url": "https://packagist.org/downloads/",
        "license": [
            "MIT"
        ],
        "authors": [
            {
                "name": "Joel Wurtz",
                "email": "joel.wurtz@gmail.com"
            },
            {
                "name": "Márk Sági-Kazár",
                "email": "mark.sagikazar@gmail.com"
            }
        ],
        "description": "Promise used for asynchronous HTTP requests",
        "homepage": "http://httplug.io",
        "keywords": [
            "promise"
        ]
    },
    {
        "name": "psr/http-message",
        "version": "1.0.1",
        "version_normalized": "1.0.1.0",
        "source": {
            "type": "git",
            "url": "https://github.com/php-fig/http-message.git",
            "reference": "f6561bf28d520154e4b0ec72be95418abe6d9363"
        },
        "dist": {
            "type": "zip",
            "url": "https://api.github.com/repos/php-fig/http-message/zipball/f6561bf28d520154e4b0ec72be95418abe6d9363",
            "reference": "f6561bf28d520154e4b0ec72be95418abe6d9363",
            "shasum": ""
        },
        "require": {
            "php": ">=5.3.0"
        },
        "time": "2016-08-06T14:39:51+00:00",
        "type": "library",
        "extra": {
            "branch-alias": {
                "dev-master": "1.0.x-dev"
            }
        },
        "installation-source": "dist",
        "autoload": {
            "psr-4": {
                "Psr\\Http\\Message\\": "src/"
            }
        },
        "notification-url": "https://packagist.org/downloads/",
        "license": [
            "MIT"
        ],
        "authors": [
            {
                "name": "PHP-FIG",
                "homepage": "http://www.php-fig.org/"
            }
        ],
        "description": "Common interface for HTTP messages",
        "homepage": "https://github.com/php-fig/http-message",
        "keywords": [
            "http",
            "http-message",
            "psr",
            "psr-7",
            "request",
            "response"
        ]
    },
    {
        "name": "ralouphie/getallheaders",
        "version": "3.0.3",
        "version_normalized": "3.0.3.0",
        "source": {
            "type": "git",
            "url": "https://github.com/ralouphie/getallheaders.git",
            "reference": "120b605dfeb996808c31b6477290a714d356e822"
        },
        "dist": {
            "type": "zip",
            "url": "https://api.github.com/repos/ralouphie/getallheaders/zipball/120b605dfeb996808c31b6477290a714d356e822",
            "reference": "120b605dfeb996808c31b6477290a714d356e822",
            "shasum": ""
        },
        "require": {
            "php": ">=5.6"
        },
        "require-dev": {
            "php-coveralls/php-coveralls": "^2.1",
            "phpunit/phpunit": "^5 || ^6.5"
        },
        "time": "2019-03-08T08:55:37+00:00",
        "type": "library",
        "installation-source": "dist",
        "autoload": {
            "files": [
                "src/getallheaders.php"
            ]
        },
        "notification-url": "https://packagist.org/downloads/",
        "license": [
            "MIT"
        ],
        "authors": [
            {
                "name": "Ralph Khattar",
                "email": "ralph.khattar@gmail.com"
            }
        ],
        "description": "A polyfill for getallheaders."
    },
    {
        "name": "symfony/deprecation-contracts",
        "version": "v2.2.0",
        "version_normalized": "2.2.0.0",
        "source": {
            "type": "git",
            "url": "https://github.com/symfony/deprecation-contracts.git",
            "reference": "5fa56b4074d1ae755beb55617ddafe6f5d78f665"
        },
        "dist": {
            "type": "zip",
            "url": "https://api.github.com/repos/symfony/deprecation-contracts/zipball/5fa56b4074d1ae755beb55617ddafe6f5d78f665",
            "reference": "5fa56b4074d1ae755beb55617ddafe6f5d78f665",
            "shasum": ""
        },
        "require": {
            "php": ">=7.1"
        },
        "time": "2020-09-07T11:33:47+00:00",
        "type": "library",
        "extra": {
            "branch-alias": {
                "dev-master": "2.2-dev"
            },
            "thanks": {
                "name": "symfony/contracts",
                "url": "https://github.com/symfony/contracts"
            }
        },
        "installation-source": "dist",
        "autoload": {
            "files": [
                "function.php"
            ]
        },
        "notification-url": "https://packagist.org/downloads/",
        "license": [
            "MIT"
        ],
        "authors": [
            {
                "name": "Nicolas Grekas",
                "email": "p@tchwork.com"
            },
            {
                "name": "Symfony Community",
                "homepage": "https://symfony.com/contributors"
            }
        ],
        "description": "A generic function and convention to trigger deprecation notices",
        "homepage": "https://symfony.com",
        "funding": [
            {
                "url": "https://symfony.com/sponsor",
                "type": "custom"
            },
            {
                "url": "https://github.com/fabpot",
                "type": "github"
            },
            {
                "url": "https://tidelift.com/funding/github/packagist/symfony/symfony",
                "type": "tidelift"
            }
        ]
    },
    {
        "name": "symfony/http-foundation",
        "version": "v5.1.5",
        "version_normalized": "5.1.5.0",
        "source": {
            "type": "git",
            "url": "https://github.com/symfony/http-foundation.git",
            "reference": "41a4647f12870e9d41d9a7d72ff0614a27208558"
        },
        "dist": {
            "type": "zip",
            "url": "https://api.github.com/repos/symfony/http-foundation/zipball/41a4647f12870e9d41d9a7d72ff0614a27208558",
            "reference": "41a4647f12870e9d41d9a7d72ff0614a27208558",
            "shasum": ""
        },
        "require": {
            "php": ">=7.2.5",
            "symfony/deprecation-contracts": "^2.1",
            "symfony/polyfill-mbstring": "~1.1",
            "symfony/polyfill-php80": "^1.15"
        },
        "require-dev": {
            "predis/predis": "~1.0",
            "symfony/cache": "^4.4|^5.0",
            "symfony/expression-language": "^4.4|^5.0",
            "symfony/mime": "^4.4|^5.0"
        },
        "suggest": {
            "symfony/mime": "To use the file extension guesser"
        },
        "time": "2020-08-17T07:48:54+00:00",
        "type": "library",
        "extra": {
            "branch-alias": {
                "dev-master": "5.1-dev"
            }
        },
        "installation-source": "dist",
        "autoload": {
            "psr-4": {
                "Symfony\\Component\\HttpFoundation\\": ""
            },
            "exclude-from-classmap": [
                "/Tests/"
            ]
        },
        "notification-url": "https://packagist.org/downloads/",
        "license": [
            "MIT"
        ],
        "authors": [
            {
                "name": "Fabien Potencier",
                "email": "fabien@symfony.com"
            },
            {
                "name": "Symfony Community",
                "homepage": "https://symfony.com/contributors"
            }
        ],
        "description": "Symfony HttpFoundation Component",
        "homepage": "https://symfony.com",
        "funding": [
            {
                "url": "https://symfony.com/sponsor",
                "type": "custom"
            },
            {
                "url": "https://github.com/fabpot",
                "type": "github"
            },
            {
                "url": "https://tidelift.com/funding/github/packagist/symfony/symfony",
                "type": "tidelift"
            }
        ]
    },
    {
        "name": "symfony/polyfill-intl-idn",
        "version": "v1.18.1",
        "version_normalized": "1.18.1.0",
        "source": {
            "type": "git",
            "url": "https://github.com/symfony/polyfill-intl-idn.git",
            "reference": "5dcab1bc7146cf8c1beaa4502a3d9be344334251"
        },
        "dist": {
            "type": "zip",
            "url": "https://api.github.com/repos/symfony/polyfill-intl-idn/zipball/5dcab1bc7146cf8c1beaa4502a3d9be344334251",
            "reference": "5dcab1bc7146cf8c1beaa4502a3d9be344334251",
            "shasum": ""
        },
        "require": {
            "php": ">=5.3.3",
            "symfony/polyfill-intl-normalizer": "^1.10",
            "symfony/polyfill-php70": "^1.10",
            "symfony/polyfill-php72": "^1.10"
        },
        "suggest": {
            "ext-intl": "For best performance"
        },
        "time": "2020-08-04T06:02:08+00:00",
        "type": "library",
        "extra": {
            "branch-alias": {
                "dev-master": "1.18-dev"
            },
            "thanks": {
                "name": "symfony/polyfill",
                "url": "https://github.com/symfony/polyfill"
            }
        },
        "installation-source": "dist",
        "autoload": {
            "psr-4": {
                "Symfony\\Polyfill\\Intl\\Idn\\": ""
            },
            "files": [
                "bootstrap.php"
            ]
        },
        "notification-url": "https://packagist.org/downloads/",
        "license": [
            "MIT"
        ],
        "authors": [
            {
                "name": "Laurent Bassin",
                "email": "laurent@bassin.info"
            },
            {
                "name": "Trevor Rowbotham",
                "email": "trevor.rowbotham@pm.me"
            },
            {
                "name": "Symfony Community",
                "homepage": "https://symfony.com/contributors"
            }
        ],
        "description": "Symfony polyfill for intl's idn_to_ascii and idn_to_utf8 functions",
        "homepage": "https://symfony.com",
        "keywords": [
            "compatibility",
            "idn",
            "intl",
            "polyfill",
            "portable",
            "shim"
        ],
        "funding": [
            {
                "url": "https://symfony.com/sponsor",
                "type": "custom"
            },
            {
                "url": "https://github.com/fabpot",
                "type": "github"
            },
            {
                "url": "https://tidelift.com/funding/github/packagist/symfony/symfony",
                "type": "tidelift"
            }
        ]
    },
    {
        "name": "symfony/polyfill-intl-normalizer",
        "version": "v1.18.1",
        "version_normalized": "1.18.1.0",
        "source": {
            "type": "git",
            "url": "https://github.com/symfony/polyfill-intl-normalizer.git",
            "reference": "37078a8dd4a2a1e9ab0231af7c6cb671b2ed5a7e"
        },
        "dist": {
            "type": "zip",
            "url": "https://api.github.com/repos/symfony/polyfill-intl-normalizer/zipball/37078a8dd4a2a1e9ab0231af7c6cb671b2ed5a7e",
            "reference": "37078a8dd4a2a1e9ab0231af7c6cb671b2ed5a7e",
            "shasum": ""
        },
        "require": {
            "php": ">=5.3.3"
        },
        "suggest": {
            "ext-intl": "For best performance"
        },
        "time": "2020-07-14T12:35:20+00:00",
        "type": "library",
        "extra": {
            "branch-alias": {
                "dev-master": "1.18-dev"
            },
            "thanks": {
                "name": "symfony/polyfill",
                "url": "https://github.com/symfony/polyfill"
            }
        },
        "installation-source": "dist",
        "autoload": {
            "psr-4": {
                "Symfony\\Polyfill\\Intl\\Normalizer\\": ""
            },
            "files": [
                "bootstrap.php"
            ],
            "classmap": [
                "Resources/stubs"
            ]
        },
        "notification-url": "https://packagist.org/downloads/",
        "license": [
            "MIT"
        ],
        "authors": [
            {
                "name": "Nicolas Grekas",
                "email": "p@tchwork.com"
            },
            {
                "name": "Symfony Community",
                "homepage": "https://symfony.com/contributors"
            }
        ],
        "description": "Symfony polyfill for intl's Normalizer class and related functions",
        "homepage": "https://symfony.com",
        "keywords": [
            "compatibility",
            "intl",
            "normalizer",
            "polyfill",
            "portable",
            "shim"
        ],
        "funding": [
            {
                "url": "https://symfony.com/sponsor",
                "type": "custom"
            },
            {
                "url": "https://github.com/fabpot",
                "type": "github"
            },
            {
                "url": "https://tidelift.com/funding/github/packagist/symfony/symfony",
                "type": "tidelift"
            }
        ]
    },
    {
        "name": "symfony/polyfill-mbstring",
        "version": "v1.18.1",
        "version_normalized": "1.18.1.0",
        "source": {
            "type": "git",
            "url": "https://github.com/symfony/polyfill-mbstring.git",
            "reference": "a6977d63bf9a0ad4c65cd352709e230876f9904a"
        },
        "dist": {
            "type": "zip",
            "url": "https://api.github.com/repos/symfony/polyfill-mbstring/zipball/a6977d63bf9a0ad4c65cd352709e230876f9904a",
            "reference": "a6977d63bf9a0ad4c65cd352709e230876f9904a",
            "shasum": ""
        },
        "require": {
            "php": ">=5.3.3"
        },
        "suggest": {
            "ext-mbstring": "For best performance"
        },
        "time": "2020-07-14T12:35:20+00:00",
        "type": "library",
        "extra": {
            "branch-alias": {
                "dev-master": "1.18-dev"
            },
            "thanks": {
                "name": "symfony/polyfill",
                "url": "https://github.com/symfony/polyfill"
            }
        },
        "installation-source": "dist",
        "autoload": {
            "psr-4": {
                "Symfony\\Polyfill\\Mbstring\\": ""
            },
            "files": [
                "bootstrap.php"
            ]
        },
        "notification-url": "https://packagist.org/downloads/",
        "license": [
            "MIT"
        ],
        "authors": [
            {
                "name": "Nicolas Grekas",
                "email": "p@tchwork.com"
            },
            {
                "name": "Symfony Community",
                "homepage": "https://symfony.com/contributors"
            }
        ],
        "description": "Symfony polyfill for the Mbstring extension",
        "homepage": "https://symfony.com",
        "keywords": [
            "compatibility",
            "mbstring",
            "polyfill",
            "portable",
            "shim"
        ],
        "funding": [
            {
                "url": "https://symfony.com/sponsor",
                "type": "custom"
            },
            {
                "url": "https://github.com/fabpot",
                "type": "github"
            },
            {
                "url": "https://tidelift.com/funding/github/packagist/symfony/symfony",
                "type": "tidelift"
            }
        ]
    },
    {
        "name": "symfony/polyfill-php70",
        "version": "v1.18.1",
        "version_normalized": "1.18.1.0",
        "source": {
            "type": "git",
            "url": "https://github.com/symfony/polyfill-php70.git",
            "reference": "0dd93f2c578bdc9c72697eaa5f1dd25644e618d3"
        },
        "dist": {
            "type": "zip",
            "url": "https://api.github.com/repos/symfony/polyfill-php70/zipball/0dd93f2c578bdc9c72697eaa5f1dd25644e618d3",
            "reference": "0dd93f2c578bdc9c72697eaa5f1dd25644e618d3",
            "shasum": ""
        },
        "require": {
            "paragonie/random_compat": "~1.0|~2.0|~9.99",
            "php": ">=5.3.3"
        },
        "time": "2020-07-14T12:35:20+00:00",
        "type": "library",
        "extra": {
            "branch-alias": {
                "dev-master": "1.18-dev"
            },
            "thanks": {
                "name": "symfony/polyfill",
                "url": "https://github.com/symfony/polyfill"
            }
        },
        "installation-source": "dist",
        "autoload": {
            "psr-4": {
                "Symfony\\Polyfill\\Php70\\": ""
            },
            "files": [
                "bootstrap.php"
            ],
            "classmap": [
                "Resources/stubs"
            ]
        },
        "notification-url": "https://packagist.org/downloads/",
        "license": [
            "MIT"
        ],
        "authors": [
            {
                "name": "Nicolas Grekas",
                "email": "p@tchwork.com"
            },
            {
                "name": "Symfony Community",
                "homepage": "https://symfony.com/contributors"
            }
        ],
        "description": "Symfony polyfill backporting some PHP 7.0+ features to lower PHP versions",
        "homepage": "https://symfony.com",
        "keywords": [
            "compatibility",
            "polyfill",
            "portable",
            "shim"
        ],
        "funding": [
            {
                "url": "https://symfony.com/sponsor",
                "type": "custom"
            },
            {
                "url": "https://github.com/fabpot",
                "type": "github"
            },
            {
                "url": "https://tidelift.com/funding/github/packagist/symfony/symfony",
                "type": "tidelift"
            }
        ]
    },
    {
        "name": "symfony/polyfill-php72",
        "version": "v1.18.1",
        "version_normalized": "1.18.1.0",
        "source": {
            "type": "git",
            "url": "https://github.com/symfony/polyfill-php72.git",
            "reference": "639447d008615574653fb3bc60d1986d7172eaae"
        },
        "dist": {
            "type": "zip",
            "url": "https://api.github.com/repos/symfony/polyfill-php72/zipball/639447d008615574653fb3bc60d1986d7172eaae",
            "reference": "639447d008615574653fb3bc60d1986d7172eaae",
            "shasum": ""
        },
        "require": {
            "php": ">=5.3.3"
        },
        "time": "2020-07-14T12:35:20+00:00",
        "type": "library",
        "extra": {
            "branch-alias": {
                "dev-master": "1.18-dev"
            },
            "thanks": {
                "name": "symfony/polyfill",
                "url": "https://github.com/symfony/polyfill"
            }
        },
        "installation-source": "dist",
        "autoload": {
            "psr-4": {
                "Symfony\\Polyfill\\Php72\\": ""
            },
            "files": [
                "bootstrap.php"
            ]
        },
        "notification-url": "https://packagist.org/downloads/",
        "license": [
            "MIT"
        ],
        "authors": [
            {
                "name": "Nicolas Grekas",
                "email": "p@tchwork.com"
            },
            {
                "name": "Symfony Community",
                "homepage": "https://symfony.com/contributors"
            }
        ],
        "description": "Symfony polyfill backporting some PHP 7.2+ features to lower PHP versions",
        "homepage": "https://symfony.com",
        "keywords": [
            "compatibility",
            "polyfill",
            "portable",
            "shim"
        ],
        "funding": [
            {
                "url": "https://symfony.com/sponsor",
                "type": "custom"
            },
            {
                "url": "https://github.com/fabpot",
                "type": "github"
            },
            {
                "url": "https://tidelift.com/funding/github/packagist/symfony/symfony",
                "type": "tidelift"
            }
        ]
    },
    {
        "name": "symfony/polyfill-php80",
        "version": "v1.18.1",
        "version_normalized": "1.18.1.0",
        "source": {
            "type": "git",
            "url": "https://github.com/symfony/polyfill-php80.git",
            "reference": "d87d5766cbf48d72388a9f6b85f280c8ad51f981"
        },
        "dist": {
            "type": "zip",
            "url": "https://api.github.com/repos/symfony/polyfill-php80/zipball/d87d5766cbf48d72388a9f6b85f280c8ad51f981",
            "reference": "d87d5766cbf48d72388a9f6b85f280c8ad51f981",
            "shasum": ""
        },
        "require": {
            "php": ">=7.0.8"
        },
        "time": "2020-07-14T12:35:20+00:00",
        "type": "library",
        "extra": {
            "branch-alias": {
                "dev-master": "1.18-dev"
            },
            "thanks": {
                "name": "symfony/polyfill",
                "url": "https://github.com/symfony/polyfill"
            }
        },
        "installation-source": "dist",
        "autoload": {
            "psr-4": {
                "Symfony\\Polyfill\\Php80\\": ""
            },
            "files": [
                "bootstrap.php"
            ],
            "classmap": [
                "Resources/stubs"
            ]
        },
        "notification-url": "https://packagist.org/downloads/",
        "license": [
            "MIT"
        ],
        "authors": [
            {
                "name": "Ion Bazan",
                "email": "ion.bazan@gmail.com"
            },
            {
                "name": "Nicolas Grekas",
                "email": "p@tchwork.com"
            },
            {
                "name": "Symfony Community",
                "homepage": "https://symfony.com/contributors"
            }
        ],
        "description": "Symfony polyfill backporting some PHP 8.0+ features to lower PHP versions",
        "homepage": "https://symfony.com",
        "keywords": [
            "compatibility",
            "polyfill",
            "portable",
            "shim"
        ],
        "funding": [
            {
                "url": "https://symfony.com/sponsor",
                "type": "custom"
            },
            {
                "url": "https://github.com/fabpot",
                "type": "github"
            },
            {
                "url": "https://tidelift.com/funding/github/packagist/symfony/symfony",
                "type": "tidelift"
            }
        ]
    }
]
